{"cameraMode":{"drawMode":0,"name":"Shaded","section":"Shading Mode"},"sceneLighting":true,"audioPlay":false,"sceneViewState":{"showFog":false,"showMaterialUpdate":false,"showSkybox":false,"showFlares":false,"showImageEffects":false,"showParticleSystems":false},"in2DMode":false,"pivot":{"x":-2.237877368927002,"y":2.443702220916748,"z":4.431256294250488},"rotation":{"x":0.05789191648364067,"y":0.9259916543960571,"z":-0.33649998903274538,"w":0.1634719967842102},"size":4.452646255493164,"orthographic":false}